SEASON_YEAR,TEAM_ABBREVIATION,AVG_PLUS_MINUS,WIN_PCT,AVG_PTS,HOME_WIN_PCT,AWAY_WIN_PCT
2010-11,ATL,-0.8170731707317073,0.5365853658536586,95.0,0.5853658536585366,0.4878048780487805
2010-11,BOS,5.365853658536586,0.6829268292682927,96.5,0.8048780487804879,0.5609756097560976
2010-11,CHA,-4.0,0.4146341463414634,93.29268292682927,0.5121951219512195,0.3170731707317073
2010-11,CHI,7.317073170731708,0.7560975609756098,98.6219512195122,0.8780487804878049,0.6341463414634146
2010-11,CLE,-9.012195121951219,0.23170731707317074,95.45121951219512,0.2926829268292683,0.17073170731707318
2010-11,DAL,4.2317073170731705,0.6951219512195121,100.2439024390244,0.7073170731707317,0.6829268292682927
2010-11,DEN,4.7560975609756095,0.6097560975609756,107.45121951219512,0.8048780487804879,0.4146341463414634
2010-11,DET,-3.597560975609756,0.36585365853658536,96.96341463414635,0.5121951219512195,0.21951219512195122
2010-11,GSW,-2.3292682926829267,0.43902439024390244,103.3780487804878,0.6341463414634146,0.24390243902439024
2010-11,HOU,2.182926829268293,0.524390243902439,105.91463414634147,0.6097560975609756,0.43902439024390244
2010-11,IND,-1.0731707317073171,0.45121951219512196,99.79268292682927,0.5853658536585366,0.3170731707317073
2010-11,LAC,-3.1341463414634148,0.3902439024390244,98.64634146341463,0.5609756097560976,0.21951219512195122
2010-11,LAL,6.109756097560975,0.6951219512195121,101.47560975609755,0.7317073170731707,0.6585365853658537
2010-11,MEM,2.341463414634146,0.5609756097560976,99.9390243902439,0.7317073170731707,0.3902439024390244
2010-11,MIA,7.463414634146342,0.7073170731707317,102.0609756097561,0.7317073170731707,0.6829268292682927
2010-11,MIL,-0.8414634146341463,0.4268292682926829,91.8780487804878,0.5365853658536586,0.3170731707317073
2010-11,MIN,-6.634146341463414,0.2073170731707317,101.07317073170732,0.2926829268292683,0.12195121951219512
2010-11,NJN,-6.2439024390243905,0.2926829268292683,94.17073170731707,0.4634146341463415,0.12195121951219512
2010-11,NOH,0.8902439024390244,0.5609756097560976,94.92682926829268,0.6829268292682927,0.43902439024390244
2010-11,NYK,0.7804878048780488,0.5121951219512195,106.51219512195122,0.5609756097560976,0.4634146341463415
2010-11,OKC,3.792682926829268,0.6707317073170732,104.82926829268293,0.7317073170731707,0.6097560975609756
2010-11,ORL,5.463414634146342,0.6341463414634146,99.20731707317073,0.7073170731707317,0.5609756097560976
2010-11,PHI,1.5,0.5,99.01219512195122,0.6341463414634146,0.36585365853658536
2010-11,PHX,-0.8902439024390244,0.4878048780487805,105.01219512195122,0.5609756097560976,0.4146341463414634
2010-11,POR,1.524390243902439,0.5853658536585366,96.29268292682927,0.7317073170731707,0.43902439024390244
2010-11,SAC,-5.341463414634147,0.2926829268292683,99.40243902439025,0.2682926829268293,0.3170731707317073
2010-11,SAS,5.7073170731707314,0.7439024390243902,103.6829268292683,0.8780487804878049,0.6097560975609756
2010-11,TOR,-6.280487804878049,0.2682926829268293,99.07317073170732,0.3902439024390244,0.14634146341463414
2010-11,UTA,-1.829268292682927,0.47560975609756095,99.42682926829268,0.5121951219512195,0.43902439024390244
2010-11,WAS,-7.402439024390244,0.2804878048780488,97.28048780487805,0.4878048780487805,0.07317073170731707
2011-12,ATL,3.4393939393939394,0.6060606060606061,96.5909090909091,0.696969696969697,0.5151515151515151
2011-12,BOS,2.515151515151515,0.5909090909090909,91.84848484848484,0.7272727272727273,0.45454545454545453
2011-12,CHA,-13.909090909090908,0.10606060606060606,86.95454545454545,0.12121212121212122,0.09090909090909091
2011-12,CHI,8.181818181818182,0.7575757575757576,96.34848484848484,0.7878787878787878,0.7272727272727273
2011-12,CLE,-7.196969696969697,0.3181818181818182,93.03030303030303,0.3333333333333333,0.30303030303030304
2011-12,DAL,0.9545454545454546,0.5454545454545454,95.78787878787878,0.696969696969697,0.3939393939393939
2011-12,DEN,2.878787878787879,0.5757575757575758,104.12121212121212,0.6060606060606061,0.5454545454545454
2011-12,DET,-4.787878787878788,0.3787878787878788,90.86363636363636,0.5454545454545454,0.21212121212121213
2011-12,GSW,-3.409090909090909,0.3484848484848485,97.77272727272727,0.36363636363636365,0.3333333333333333
2011-12,HOU,0.22727272727272727,0.5151515151515151,98.0909090909091,0.6666666666666666,0.36363636363636365
2011-12,IND,3.303030303030303,0.6363636363636364,97.71212121212122,0.696969696969697,0.5757575757575758
2011-12,LAC,2.5606060606060606,0.6060606060606061,97.54545454545455,0.7272727272727273,0.48484848484848486
2011-12,LAL,1.4242424242424243,0.6212121212121212,97.3030303030303,0.7878787878787878,0.45454545454545453
2011-12,MEM,2.015151515151515,0.6212121212121212,94.98484848484848,0.7878787878787878,0.45454545454545453
2011-12,MIA,5.984848484848484,0.696969696969697,98.48484848484848,0.8484848484848485,0.5454545454545454
2011-12,MIL,0.2727272727272727,0.4696969696969697,99.01515151515152,0.5151515151515151,0.42424242424242425
2011-12,MIN,-2.196969696969697,0.3939393939393939,97.93939393939394,0.3939393939393939,0.3939393939393939
2011-12,NJN,-5.984848484848484,0.3333333333333333,93.0909090909091,0.2727272727272727,0.3939393939393939
2011-12,NOH,-3.757575757575758,0.3181818181818182,89.63636363636364,0.3333333333333333,0.30303030303030304
2011-12,NYK,3.196969696969697,0.5454545454545454,97.84848484848484,0.6666666666666666,0.42424242424242425
2011-12,OKC,6.121212121212121,0.7121212121212122,103.06060606060606,0.7878787878787878,0.6363636363636364
2011-12,ORL,0.7878787878787878,0.5606060606060606,94.16666666666667,0.6363636363636364,0.48484848484848486
2011-12,PHI,4.242424242424242,0.5303030303030303,93.63636363636364,0.5757575757575758,0.48484848484848486
2011-12,PHX,-0.24242424242424243,0.5,98.36363636363636,0.5757575757575758,0.42424242424242425
2011-12,POR,-0.6212121212121212,0.42424242424242425,97.1969696969697,0.6060606060606061,0.24242424242424243
2011-12,SAC,-5.681818181818182,0.3333333333333333,98.75757575757575,0.48484848484848486,0.18181818181818182
2011-12,SAS,7.166666666666667,0.7575757575757576,103.65151515151516,0.8484848484848485,0.6666666666666666
2011-12,TOR,-3.303030303030303,0.3484848484848485,90.6969696969697,0.3939393939393939,0.30303030303030304
2011-12,UTA,0.6212121212121212,0.5454545454545454,99.65151515151516,0.7575757575757576,0.3333333333333333
2011-12,WAS,-4.803030303030303,0.30303030303030304,93.63636363636364,0.3333333333333333,0.2727272727272727
2012-13,ATL,0.4024390243902439,0.5365853658536586,97.95121951219512,0.6097560975609756,0.4634146341463415
2012-13,BKN,1.7804878048780488,0.5975609756097561,96.8780487804878,0.6341463414634146,0.5609756097560976
2012-13,BOS,-0.2222222222222222,0.5061728395061729,96.51851851851852,0.675,0.34146341463414637
2012-13,CHA,-9.231707317073171,0.25609756097560976,93.42682926829268,0.36585365853658536,0.14634146341463414
2012-13,CHI,0.3170731707317073,0.5487804878048781,93.1829268292683,0.5853658536585366,0.5121951219512195
2012-13,CLE,-4.682926829268292,0.2926829268292683,96.5,0.34146341463414637,0.24390243902439024
2012-13,DAL,-0.5975609756097561,0.5,101.13414634146342,0.5853658536585366,0.4146341463414634
2012-13,DEN,5.085365853658536,0.6951219512195121,106.14634146341463,0.926829268292683,0.4634146341463415
2012-13,DET,-3.9878048780487805,0.35365853658536583,94.85365853658537,0.43902439024390244,0.2682926829268293
2012-13,GSW,0.8902439024390244,0.573170731707317,101.17073170731707,0.6829268292682927,0.4634146341463415
2012-13,HOU,3.475609756097561,0.5487804878048781,105.95121951219512,0.7073170731707317,0.3902439024390244
2012-13,IND,4.0246913580246915,0.6049382716049383,94.74074074074075,0.7317073170731707,0.475
2012-13,LAC,6.451219512195122,0.6829268292682927,101.08536585365853,0.7804878048780488,0.5853658536585366
2012-13,LAL,1.1585365853658536,0.5487804878048781,102.20731707317073,0.7073170731707317,0.3902439024390244
2012-13,MEM,4.146341463414634,0.6829268292682927,93.40243902439025,0.7804878048780488,0.5853658536585366
2012-13,MIA,7.865853658536586,0.8048780487804879,102.8780487804878,0.9024390243902439,0.7073170731707317
2012-13,MIL,-1.5,0.4634146341463415,98.8780487804878,0.5121951219512195,0.4146341463414634
2012-13,MIN,-2.3658536585365852,0.3780487804878049,95.7439024390244,0.4878048780487805,0.2682926829268293
2012-13,NOH,-3.8658536585365852,0.32926829268292684,94.07317073170732,0.3902439024390244,0.2682926829268293
2012-13,NYK,4.2317073170731705,0.6585365853658537,99.95121951219512,0.7560975609756098,0.5609756097560976
2012-13,OKC,9.207317073170731,0.7317073170731707,105.71951219512195,0.8292682926829268,0.6341463414634146
2012-13,ORL,-6.987804878048781,0.24390243902439024,94.1219512195122,0.2926829268292683,0.1951219512195122
2012-13,PHI,-3.341463414634146,0.4146341463414634,93.17073170731707,0.5609756097560976,0.2682926829268293
2012-13,PHX,-6.463414634146342,0.3048780487804878,95.1829268292683,0.4146341463414634,0.1951219512195122
2012-13,POR,-3.1707317073170733,0.4024390243902439,97.5,0.5365853658536586,0.2682926829268293
2012-13,SAC,-4.878048780487805,0.34146341463414637,100.23170731707317,0.4878048780487805,0.1951219512195122
2012-13,SAS,6.402439024390244,0.7073170731707317,103.02439024390245,0.8536585365853658,0.5609756097560976
2012-13,TOR,-1.475609756097561,0.4146341463414634,97.20731707317073,0.5121951219512195,0.3170731707317073
2012-13,UTA,-0.08536585365853659,0.524390243902439,98.02439024390245,0.7317073170731707,0.3170731707317073
2012-13,WAS,-2.5365853658536586,0.35365853658536583,93.21951219512195,0.5365853658536586,0.17073170731707318
2013-14,ATL,-0.47560975609756095,0.4634146341463415,101.0,0.5853658536585366,0.34146341463414637
2013-14,BKN,-1.0,0.5365853658536586,98.52439024390245,0.6829268292682927,0.3902439024390244
2013-14,BOS,-4.463414634146342,0.3048780487804878,96.2439024390244,0.3902439024390244,0.21951219512195122
2013-14,CHA,-0.21951219512195122,0.524390243902439,96.85365853658537,0.6097560975609756,0.43902439024390244
2013-14,CHI,1.853658536585366,0.5853658536585366,93.65853658536585,0.6585365853658537,0.5121951219512195
2013-14,CLE,-3.292682926829268,0.4024390243902439,98.21951219512195,0.4634146341463415,0.34146341463414637
2013-14,DAL,2.402439024390244,0.5975609756097561,104.84146341463415,0.6341463414634146,0.5609756097560976
2013-14,DEN,-2.1463414634146343,0.43902439024390244,104.3780487804878,0.5365853658536586,0.34146341463414637
2013-14,DET,-3.658536585365854,0.35365853658536583,101.04878048780488,0.4146341463414634,0.2926829268292683
2013-14,GSW,4.804878048780488,0.6219512195121951,104.2560975609756,0.6585365853658537,0.5853658536585366
2013-14,HOU,4.560975609756097,0.6585365853658537,107.67073170731707,0.8048780487804879,0.5121951219512195
2013-14,IND,4.402439024390244,0.6829268292682927,96.7439024390244,0.8536585365853658,0.5121951219512195
2013-14,LAC,6.975609756097561,0.6951219512195121,107.92682926829268,0.8292682926829268,0.5609756097560976
2013-14,LAL,-6.2926829268292686,0.32926829268292684,102.95121951219512,0.34146341463414637,0.3170731707317073
2013-14,MEM,1.5731707317073171,0.6097560975609756,96.14634146341463,0.6585365853658537,0.5609756097560976
2013-14,MIA,4.7560975609756095,0.6585365853658537,102.1951219512195,0.7804878048780488,0.5365853658536586
2013-14,MIL,-8.182926829268293,0.18292682926829268,95.47560975609755,0.24390243902439024,0.12195121951219512
2013-14,MIN,2.6707317073170733,0.4878048780487805,106.92682926829268,0.5853658536585366,0.3902439024390244
2013-14,NOP,-2.707317073170732,0.4146341463414634,99.71951219512195,0.5365853658536586,0.2926829268292683
2013-14,NYK,-0.7926829268292683,0.45121951219512196,98.58536585365853,0.4634146341463415,0.43902439024390244
2013-14,OKC,6.341463414634147,0.7195121951219512,106.15853658536585,0.8292682926829268,0.6097560975609756
2013-14,ORL,-5.439024390243903,0.2804878048780488,96.51219512195122,0.4634146341463415,0.0975609756097561
2013-14,PHI,-10.451219512195122,0.23170731707317074,99.45121951219512,0.24390243902439024,0.21951219512195122
2013-14,PHX,2.6341463414634148,0.5853658536585366,105.23170731707317,0.6341463414634146,0.5365853658536586
2013-14,POR,3.9878048780487805,0.6585365853658537,106.7439024390244,0.7560975609756098,0.5609756097560976
2013-14,SAC,-2.902439024390244,0.34146341463414637,100.5,0.4146341463414634,0.2682926829268293
2013-14,SAS,7.719512195121951,0.7560975609756098,105.35365853658537,0.7804878048780488,0.7317073170731707
2013-14,TOR,3.2439024390243905,0.5853658536585366,101.28048780487805,0.6341463414634146,0.5365853658536586
2013-14,UTA,-7.170731707317073,0.3048780487804878,95.01219512195122,0.3902439024390244,0.21951219512195122
2013-14,WAS,1.2682926829268293,0.5365853658536586,100.65853658536585,0.5365853658536586,0.5365853658536586
2014-15,ATL,5.426829268292683,0.7317073170731707,102.54878048780488,0.8536585365853658,0.6097560975609756
2014-15,BKN,-2.8780487804878048,0.4634146341463415,98.02439024390245,0.4634146341463415,0.4634146341463415
2014-15,BOS,0.15853658536585366,0.4878048780487805,101.36585365853658,0.5121951219512195,0.4634146341463415
2014-15,CHA,-3.1707317073170733,0.4024390243902439,94.15853658536585,0.4634146341463415,0.34146341463414637
2014-15,CHI,3.0,0.6097560975609756,100.79268292682927,0.6585365853658537,0.5609756097560976
2014-15,CLE,4.475609756097561,0.6463414634146342,103.13414634146342,0.7560975609756098,0.5365853658536586
2014-15,DAL,2.902439024390244,0.6097560975609756,105.21951219512195,0.6585365853658537,0.5609756097560976
2014-15,DEN,-3.548780487804878,0.36585365853658536,101.46341463414635,0.4634146341463415,0.2682926829268293
2014-15,DET,-1.0,0.3902439024390244,98.5,0.43902439024390244,0.34146341463414637
2014-15,GSW,10.097560975609756,0.8170731707317073,109.95121951219512,0.9512195121951219,0.6829268292682927
2014-15,HOU,3.4390243902439024,0.6829268292682927,103.92682926829268,0.7317073170731707,0.6341463414634146
2014-15,IND,0.2804878048780488,0.4634146341463415,97.32926829268293,0.5609756097560976,0.36585365853658536
2014-15,LAC,6.585365853658536,0.6829268292682927,106.71951219512195,0.7317073170731707,0.6341463414634146
2014-15,LAL,-6.841463414634147,0.25609756097560976,98.45121951219512,0.2926829268292683,0.21951219512195122
2014-15,MEM,3.2439024390243905,0.6707317073170732,98.3170731707317,0.7560975609756098,0.5853658536585366
2014-15,MIA,-2.597560975609756,0.45121951219512196,94.6829268292683,0.4878048780487805,0.4146341463414634
2014-15,MIL,0.4268292682926829,0.5,97.84146341463415,0.5609756097560976,0.43902439024390244
2014-15,MIN,-8.792682926829269,0.1951219512195122,97.7560975609756,0.21951219512195122,0.17073170731707318
2014-15,NOP,0.7926829268292683,0.5487804878048781,99.35365853658537,0.6829268292682927,0.4146341463414634
2014-15,NYK,-9.317073170731707,0.2073170731707317,91.89024390243902,0.24390243902439024,0.17073170731707318
2014-15,OKC,2.182926829268293,0.5487804878048781,103.95121951219512,0.7073170731707317,0.3902439024390244
2014-15,ORL,-5.719512195121951,0.3048780487804878,95.6951219512195,0.3170731707317073,0.2926829268292683
2014-15,PHI,-8.975609756097562,0.21951219512195122,91.97560975609755,0.2926829268292683,0.14634146341463414
2014-15,PHX,-0.9024390243902439,0.47560975609756095,102.40243902439025,0.5365853658536586,0.4146341463414634
2014-15,POR,4.2317073170731705,0.6219512195121951,102.79268292682927,0.7804878048780488,0.4634146341463415
2014-15,SAC,-3.707317073170732,0.35365853658536583,101.34146341463415,0.43902439024390244,0.2682926829268293
2014-15,SAS,6.195121951219512,0.6707317073170732,103.1829268292683,0.8048780487804879,0.5365853658536586
2014-15,TOR,3.073170731707317,0.5975609756097561,103.98780487804878,0.6585365853658537,0.5365853658536586
2014-15,UTA,0.21951219512195122,0.4634146341463415,95.13414634146342,0.5121951219512195,0.4146341463414634
2014-15,WAS,0.7195121951219512,0.5609756097560976,98.53658536585365,0.7073170731707317,0.4146341463414634
2015-16,ATL,3.6097560975609757,0.5853658536585366,102.84146341463415,0.6585365853658537,0.5121951219512195
2015-16,BKN,-7.353658536585366,0.25609756097560976,98.64634146341463,0.34146341463414637,0.17073170731707318
2015-16,BOS,3.207317073170732,0.5853658536585366,105.71951219512195,0.6829268292682927,0.4878048780487805
2015-16,CHA,2.7195121951219514,0.5853658536585366,103.40243902439025,0.7317073170731707,0.43902439024390244
2015-16,CHI,-1.475609756097561,0.5121951219512195,101.64634146341463,0.6341463414634146,0.3902439024390244
2015-16,CLE,6.0,0.6951219512195121,104.32926829268293,0.8048780487804879,0.5853658536585366
2015-16,DAL,-0.3048780487804878,0.5121951219512195,102.29268292682927,0.5609756097560976,0.4634146341463415
2015-16,DEN,-3.097560975609756,0.4024390243902439,101.89024390243902,0.43902439024390244,0.36585365853658536
2015-16,DET,0.6097560975609756,0.5365853658536586,101.96341463414635,0.6341463414634146,0.43902439024390244
2015-16,GSW,10.75609756097561,0.8902439024390244,114.89024390243902,0.9512195121951219,0.8292682926829268
2015-16,HOU,0.1951219512195122,0.5,106.54878048780488,0.5609756097560976,0.43902439024390244
2015-16,IND,1.7073170731707317,0.5487804878048781,102.15853658536585,0.6341463414634146,0.4634146341463415
2015-16,LAC,4.280487804878049,0.6463414634146342,104.5,0.7073170731707317,0.5853658536585366
2015-16,LAL,-9.560975609756097,0.2073170731707317,97.34146341463415,0.2926829268292683,0.12195121951219512
2015-16,MEM,-2.2439024390243905,0.5121951219512195,99.09756097560975,0.6341463414634146,0.3902439024390244
2015-16,MIA,1.646341463414634,0.5853658536585366,100.04878048780488,0.6829268292682927,0.4878048780487805
2015-16,MIL,-4.182926829268292,0.4024390243902439,99.04878048780488,0.5609756097560976,0.24390243902439024
2015-16,MIN,-3.5365853658536586,0.35365853658536583,102.41463414634147,0.34146341463414637,0.36585365853658536
2015-16,NOP,-3.792682926829268,0.36585365853658536,102.71951219512195,0.5121951219512195,0.21951219512195122
2015-16,NYK,-2.731707317073171,0.3902439024390244,98.35365853658537,0.43902439024390244,0.34146341463414637
2015-16,OKC,7.280487804878049,0.6707317073170732,110.21951219512195,0.7804878048780488,0.5609756097560976
2015-16,ORL,-1.6219512195121952,0.4268292682926829,102.0609756097561,0.5609756097560976,0.2926829268292683
2015-16,PHI,-10.231707317073171,0.12195121951219512,97.41463414634147,0.17073170731707318,0.07317073170731707
2015-16,PHX,-6.658536585365853,0.2804878048780488,100.86585365853658,0.34146341463414637,0.21951219512195122
2015-16,POR,0.8292682926829268,0.5365853658536586,105.14634146341463,0.6829268292682927,0.3902439024390244
2015-16,SAC,-2.475609756097561,0.4024390243902439,106.58536585365853,0.43902439024390244,0.36585365853658536
2015-16,SAS,10.634146341463415,0.8170731707317073,103.53658536585365,0.975609756097561,0.6585365853658537
2015-16,TOR,4.5,0.6829268292682927,102.70731707317073,0.7804878048780488,0.5853658536585366
2015-16,UTA,1.7926829268292683,0.4878048780487805,97.6829268292683,0.5853658536585366,0.3902439024390244
2015-16,WAS,-0.5,0.5,104.07317073170732,0.5365853658536586,0.4634146341463415
2016-17,ATL,-0.8536585365853658,0.524390243902439,103.15853658536585,0.5609756097560976,0.4878048780487805
2016-17,BKN,-6.7317073170731705,0.24390243902439024,105.76829268292683,0.3170731707317073,0.17073170731707318
2016-17,BOS,2.6341463414634148,0.6463414634146342,108.01219512195122,0.7317073170731707,0.5609756097560976
2016-17,CHA,0.1951219512195122,0.43902439024390244,104.89024390243902,0.5365853658536586,0.34146341463414637
2016-17,CHI,0.4268292682926829,0.5,102.86585365853658,0.6097560975609756,0.3902439024390244
2016-17,CLE,3.182926829268293,0.6219512195121951,110.34146341463415,0.7560975609756098,0.4878048780487805
2016-17,DAL,-2.926829268292683,0.4024390243902439,97.91463414634147,0.5121951219512195,0.2926829268292683
2016-17,DEN,0.5121951219512195,0.4878048780487805,111.71951219512195,0.5365853658536586,0.43902439024390244
2016-17,DET,-1.1219512195121952,0.45121951219512196,101.32926829268293,0.5853658536585366,0.3170731707317073
2016-17,GSW,11.634146341463415,0.8170731707317073,115.89024390243902,0.8780487804878049,0.7560975609756098
2016-17,HOU,5.7682926829268295,0.6707317073170732,115.34146341463415,0.7317073170731707,0.6097560975609756
2016-17,IND,-0.21951219512195122,0.5121951219512195,105.09756097560975,0.7073170731707317,0.3170731707317073
2016-17,LAC,4.2926829268292686,0.6219512195121951,108.67073170731707,0.7073170731707317,0.5365853658536586
2016-17,LAL,-6.878048780487805,0.3170731707317073,104.57317073170732,0.4146341463414634,0.21951219512195122
2016-17,MEM,0.4878048780487805,0.524390243902439,100.47560975609755,0.5853658536585366,0.4634146341463415
2016-17,MIA,1.0609756097560976,0.5,103.17073170731707,0.5609756097560976,0.43902439024390244
2016-17,MIL,-0.18292682926829268,0.5121951219512195,103.6219512195122,0.5609756097560976,0.4634146341463415
2016-17,MIN,-1.1097560975609757,0.3780487804878049,105.57317073170732,0.4878048780487805,0.2682926829268293
2016-17,NOP,-2.097560975609756,0.4146341463414634,104.34146341463415,0.5121951219512195,0.3170731707317073
2016-17,NYK,-3.6707317073170733,0.3780487804878049,104.34146341463415,0.4634146341463415,0.2926829268292683
2016-17,OKC,0.7560975609756098,0.573170731707317,106.59756097560975,0.6829268292682927,0.4634146341463415
2016-17,ORL,-6.573170731707317,0.35365853658536583,101.07317073170732,0.3902439024390244,0.3170731707317073
2016-17,PHI,-5.695121951219512,0.34146341463414637,102.4390243902439,0.4146341463414634,0.2682926829268293
2016-17,PHX,-5.634146341463414,0.2926829268292683,107.6951219512195,0.36585365853658536,0.21951219512195122
2016-17,POR,-0.524390243902439,0.5,107.9390243902439,0.6097560975609756,0.3902439024390244
2016-17,SAC,-3.8780487804878048,0.3902439024390244,102.8048780487805,0.4146341463414634,0.36585365853658536
2016-17,SAS,7.195121951219512,0.7439024390243902,105.32926829268293,0.7560975609756098,0.7317073170731707
2016-17,TOR,4.2073170731707314,0.6219512195121951,106.85365853658537,0.6829268292682927,0.5609756097560976
2016-17,UTA,3.9390243902439024,0.6219512195121951,100.70731707317073,0.7073170731707317,0.5365853658536586
2016-17,WAS,1.8048780487804879,0.5975609756097561,109.1829268292683,0.7317073170731707,0.4634146341463415
2017-18,ATL,-5.451219512195122,0.2926829268292683,103.35365853658537,0.3902439024390244,0.1951219512195122
2017-18,BKN,-3.7439024390243905,0.34146341463414637,106.59756097560975,0.36585365853658536,0.3170731707317073
2017-18,BOS,3.5853658536585367,0.6707317073170732,104.01219512195122,0.6585365853658537,0.6829268292682927
2017-18,CHA,0.25609756097560976,0.43902439024390244,108.21951219512195,0.5121951219512195,0.36585365853658536
2017-18,CHI,-7.036585365853658,0.32926829268292684,102.92682926829268,0.4146341463414634,0.24390243902439024
2017-18,CLE,0.9390243902439024,0.6097560975609756,110.86585365853658,0.7073170731707317,0.5121951219512195
2017-18,DAL,-3.0365853658536586,0.2926829268292683,102.3170731707317,0.36585365853658536,0.21951219512195122
2017-18,DEN,1.475609756097561,0.5609756097560976,110.0,0.7560975609756098,0.36585365853658536
2017-18,DET,-0.14634146341463414,0.47560975609756095,103.76829268292683,0.6097560975609756,0.34146341463414637
2017-18,GSW,5.975609756097561,0.7073170731707317,113.46341463414635,0.7073170731707317,0.7073170731707317
2017-18,HOU,8.475609756097562,0.7926829268292683,112.35365853658537,0.8292682926829268,0.7560975609756098
2017-18,IND,1.3780487804878048,0.5853658536585366,105.5609756097561,0.6585365853658537,0.5121951219512195
2017-18,LAC,0.036585365853658534,0.5121951219512195,108.98780487804878,0.5365853658536586,0.4878048780487805
2017-18,LAL,-1.548780487804878,0.4268292682926829,108.07317073170732,0.4878048780487805,0.36585365853658536
2017-18,MEM,-6.2073170731707314,0.2682926829268293,99.32926829268293,0.3902439024390244,0.14634146341463414
2017-18,MIA,0.47560975609756095,0.5365853658536586,103.41463414634147,0.6341463414634146,0.43902439024390244
2017-18,MIL,-0.3048780487804878,0.5365853658536586,106.47560975609755,0.6097560975609756,0.4634146341463415
2017-18,MIN,2.231707317073171,0.573170731707317,109.51219512195122,0.7317073170731707,0.4146341463414634
2017-18,NOP,1.3048780487804879,0.5853658536585366,111.71951219512195,0.5853658536585366,0.5853658536585366
2017-18,NYK,-3.5609756097560976,0.35365853658536583,104.46341463414635,0.4634146341463415,0.24390243902439024
2017-18,OKC,3.4146341463414633,0.5853658536585366,107.85365853658537,0.6585365853658537,0.5121951219512195
2017-18,ORL,-4.817073170731708,0.3048780487804878,103.40243902439025,0.4146341463414634,0.1951219512195122
2017-18,PHI,4.5,0.6341463414634146,109.8048780487805,0.7317073170731707,0.5365853658536586
2017-18,PHX,-9.365853658536585,0.25609756097560976,103.92682926829268,0.24390243902439024,0.2682926829268293
2017-18,POR,2.597560975609756,0.5975609756097561,105.6219512195122,0.6829268292682927,0.5121951219512195
2017-18,SAC,-6.987804878048781,0.32926829268292684,98.82926829268293,0.34146341463414637,0.3170731707317073
2017-18,SAS,2.8902439024390243,0.573170731707317,102.73170731707317,0.8048780487804879,0.34146341463414637
2017-18,TOR,7.780487804878049,0.7195121951219512,111.65853658536585,0.8292682926829268,0.6097560975609756
2017-18,UTA,4.304878048780488,0.5853658536585366,104.14634146341463,0.6829268292682927,0.4878048780487805
2017-18,WAS,0.5853658536585366,0.524390243902439,106.60975609756098,0.5609756097560976,0.4878048780487805
2018-19,ATL,-6.024390243902439,0.35365853658536583,113.34146341463415,0.4146341463414634,0.2926829268292683
2018-19,BKN,-0.07317073170731707,0.5121951219512195,112.2439024390244,0.5609756097560976,0.4634146341463415
2018-19,BOS,4.439024390243903,0.5975609756097561,112.39024390243902,0.6829268292682927,0.5121951219512195
2018-19,CHA,-1.0975609756097562,0.47560975609756095,110.7439024390244,0.6097560975609756,0.34146341463414637
2018-19,CHI,-8.414634146341463,0.2682926829268293,104.9390243902439,0.21951219512195122,0.3170731707317073
2018-19,CLE,-9.609756097560975,0.23170731707317074,104.47560975609755,0.3170731707317073,0.14634146341463414
2018-19,DAL,-1.2804878048780488,0.4024390243902439,108.86585365853658,0.5853658536585366,0.21951219512195122
2018-19,DEN,3.951219512195122,0.6585365853658537,110.67073170731707,0.8292682926829268,0.4878048780487805
2018-19,DET,-0.24390243902439024,0.5,107.04878048780488,0.6341463414634146,0.36585365853658536
2018-19,GSW,6.463414634146342,0.6951219512195121,117.6829268292683,0.7317073170731707,0.6585365853658537
2018-19,HOU,4.7682926829268295,0.6463414634146342,113.91463414634147,0.7560975609756098,0.5365853658536586
2018-19,IND,3.3292682926829267,0.5853658536585366,108.01219512195122,0.7073170731707317,0.4634146341463415
2018-19,LAC,0.8536585365853658,0.5853658536585366,115.14634146341463,0.6341463414634146,0.5365853658536586
2018-19,LAL,-1.7195121951219512,0.45121951219512196,111.76829268292683,0.5365853658536586,0.36585365853658536
2018-19,MEM,-2.597560975609756,0.4024390243902439,103.53658536585365,0.5121951219512195,0.2926829268292683
2018-19,MIA,-0.23170731707317074,0.47560975609756095,105.70731707317073,0.4634146341463415,0.4878048780487805
2018-19,MIL,8.865853658536585,0.7317073170731707,118.1219512195122,0.8048780487804879,0.6585365853658537
2018-19,MIN,-1.5,0.43902439024390244,112.47560975609755,0.6097560975609756,0.2682926829268293
2018-19,NOP,-1.329268292682927,0.4024390243902439,115.4390243902439,0.4634146341463415,0.34146341463414637
2018-19,NYK,-9.207317073170731,0.2073170731707317,104.57317073170732,0.21951219512195122,0.1951219512195122
2018-19,OKC,3.402439024390244,0.5975609756097561,114.47560975609755,0.6585365853658537,0.5365853658536586
2018-19,ORL,0.7073170731707317,0.5121951219512195,107.3170731707317,0.6097560975609756,0.4146341463414634
2018-19,PHI,2.6951219512195124,0.6219512195121951,115.1829268292683,0.7560975609756098,0.4878048780487805
2018-19,PHX,-9.341463414634147,0.23170731707317074,107.5,0.2926829268292683,0.17073170731707318
2018-19,POR,4.195121951219512,0.6463414634146342,114.65853658536585,0.7804878048780488,0.5121951219512195
2018-19,SAC,-1.1219512195121952,0.47560975609756095,114.1829268292683,0.5853658536585366,0.36585365853658536
2018-19,SAS,1.6829268292682926,0.5853658536585366,111.65853658536585,0.7804878048780488,0.3902439024390244
2018-19,TOR,6.085365853658536,0.7073170731707317,114.4390243902439,0.7804878048780488,0.6341463414634146
2018-19,UTA,5.2560975609756095,0.6097560975609756,111.71951219512195,0.7073170731707317,0.5121951219512195
2018-19,WAS,-2.902439024390244,0.3902439024390244,114.02439024390245,0.5365853658536586,0.24390243902439024
2019-20,ATL,-7.970149253731344,0.29850746268656714,111.76119402985074,0.4117647058823529,0.18181818181818182
2019-20,BKN,-0.5694444444444444,0.4861111111111111,111.77777777777777,0.5555555555555556,0.4166666666666667
2019-20,BOS,6.305555555555555,0.6666666666666666,113.65277777777777,0.7222222222222222,0.6111111111111112
2019-20,CHA,-6.753846153846154,0.35384615384615387,102.87692307692308,0.3225806451612903,0.38235294117647056
2019-20,CHI,-3.076923076923077,0.3384615384615385,106.84615384615384,0.4117647058823529,0.25806451612903225
2019-20,CLE,-7.892307692307693,0.2923076923076923,106.8923076923077,0.3055555555555556,0.27586206896551724
2019-20,DAL,4.946666666666666,0.5733333333333334,117.01333333333334,0.5263157894736842,0.6216216216216216
2019-20,DEN,2.1095890410958904,0.6301369863013698,111.28767123287672,0.7027027027027027,0.5555555555555556
2019-20,DET,-3.5606060606060606,0.30303030303030304,107.24242424242425,0.3333333333333333,0.2727272727272727
2019-20,GSW,-8.707692307692307,0.23076923076923078,106.33846153846154,0.23529411764705882,0.22580645161290322
2019-20,HOU,2.9583333333333335,0.6111111111111112,117.80555555555556,0.6666666666666666,0.5555555555555556
2019-20,IND,1.9589041095890412,0.6164383561643836,109.43835616438356,0.6944444444444444,0.5405405405405406
2019-20,LAC,6.444444444444445,0.6805555555555556,116.34722222222223,0.75,0.6111111111111112
2019-20,LAL,5.788732394366197,0.7323943661971831,113.43661971830986,0.7142857142857143,0.75
2019-20,MEM,-1.0684931506849316,0.4657534246575342,112.63013698630137,0.5405405405405406,0.3888888888888889
2019-20,MIA,2.9452054794520546,0.6027397260273972,112.04109589041096,0.8055555555555556,0.40540540540540543
2019-20,MIL,10.082191780821917,0.7671232876712328,118.67123287671232,0.8571428571428571,0.6842105263157895
2019-20,MIN,-4.296875,0.296875,113.25,0.25,0.34375
2019-20,NOP,-1.2916666666666667,0.4166666666666667,115.84722222222223,0.4166666666666667,0.4166666666666667
2019-20,NYK,-6.454545454545454,0.3181818181818182,105.8030303030303,0.3333333333333333,0.30303030303030304
2019-20,OKC,1.9861111111111112,0.6111111111111112,110.41666666666667,0.6216216216216216,0.6
2019-20,ORL,-1.0136986301369864,0.4520547945205479,107.27397260273973,0.5142857142857142,0.39473684210526316
2019-20,PHI,2.3835616438356166,0.589041095890411,110.73972602739725,0.8857142857142857,0.3157894736842105
2019-20,PHX,0.2191780821917808,0.4657534246575342,113.61643835616438,0.4358974358974359,0.5
2019-20,POR,-1.1486486486486487,0.47297297297297297,114.97297297297297,0.5833333333333334,0.3684210526315789
2019-20,SAC,-2.0416666666666665,0.4305555555555556,110.09722222222223,0.45714285714285713,0.40540540540540543
2019-20,SAS,-1.1126760563380282,0.4507042253521127,114.05633802816901,0.5588235294117647,0.35135135135135137
2019-20,TOR,6.236111111111111,0.7361111111111112,112.75,0.7222222222222222,0.75
2019-20,UTA,2.4722222222222223,0.6111111111111112,111.29166666666667,0.6571428571428571,0.5675675675675675
2019-20,WAS,-4.666666666666667,0.3472222222222222,114.41666666666667,0.4444444444444444,0.25
2020-21,ATL,2.3194444444444446,0.5694444444444444,113.69444444444444,0.6944444444444444,0.4444444444444444
2020-21,BKN,4.5,0.6666666666666666,118.56944444444444,0.7777777777777778,0.5555555555555556
2020-21,BOS,1.4583333333333333,0.5,112.625,0.5833333333333334,0.4166666666666667
2020-21,CHA,-1.9305555555555556,0.4583333333333333,109.45833333333333,0.5,0.4166666666666667
2020-21,CHI,-0.8888888888888888,0.4305555555555556,110.68055555555556,0.4166666666666667,0.4444444444444444
2020-21,CLE,-8.444444444444445,0.3055555555555556,103.83333333333333,0.3611111111111111,0.25
2020-21,DAL,2.263888888888889,0.5833333333333334,112.44444444444444,0.5833333333333334,0.5833333333333334
2020-21,DEN,4.930555555555555,0.6527777777777778,115.05555555555556,0.6944444444444444,0.6111111111111112
2020-21,DET,-4.472222222222222,0.2777777777777778,106.61111111111111,0.3611111111111111,0.19444444444444445
2020-21,GSW,1.0555555555555556,0.5416666666666666,113.70833333333333,0.6944444444444444,0.3888888888888889
2020-21,HOU,-7.902777777777778,0.2361111111111111,108.79166666666667,0.25,0.2222222222222222
2020-21,IND,-0.041666666666666664,0.4722222222222222,115.30555555555556,0.3611111111111111,0.5833333333333334
2020-21,LAC,6.180555555555555,0.6527777777777778,114.01388888888889,0.7222222222222222,0.5833333333333334
2020-21,LAL,2.7916666666666665,0.5833333333333334,109.54166666666667,0.5833333333333334,0.5833333333333334
2020-21,MEM,1.0277777777777777,0.5277777777777778,113.29166666666667,0.5,0.5555555555555556
2020-21,MIA,0.027777777777777776,0.5555555555555556,108.06944444444444,0.5833333333333334,0.5277777777777778
2020-21,MIL,5.888888888888889,0.6388888888888888,120.125,0.7222222222222222,0.5555555555555556
2020-21,MIN,-5.555555555555555,0.3194444444444444,112.125,0.3611111111111111,0.2777777777777778
2020-21,NOP,-0.2916666666666667,0.4305555555555556,114.59722222222223,0.5,0.3611111111111111
2020-21,NYK,2.3055555555555554,0.5694444444444444,107.02777777777777,0.6944444444444444,0.4444444444444444
2020-21,OKC,-10.63888888888889,0.3055555555555556,105.0,0.2777777777777778,0.3333333333333333
2020-21,ORL,-9.305555555555555,0.2916666666666667,104.0,0.3055555555555556,0.2777777777777778
2020-21,PHI,5.583333333333333,0.6805555555555556,113.63888888888889,0.8055555555555556,0.5555555555555556
2020-21,PHX,5.819444444444445,0.7083333333333334,115.27777777777777,0.75,0.6666666666666666
2020-21,POR,1.7916666666666667,0.5833333333333334,116.11111111111111,0.5555555555555556,0.6111111111111112
2020-21,SAC,-3.6805555555555554,0.4305555555555556,113.73611111111111,0.4444444444444444,0.4166666666666667
2020-21,SAS,-1.7361111111111112,0.4583333333333333,111.08333333333333,0.3888888888888889,0.5277777777777778
2020-21,TOR,-0.4722222222222222,0.375,111.26388888888889,0.4444444444444444,0.3055555555555556
2020-21,UTA,9.25,0.7222222222222222,116.41666666666667,0.8611111111111112,0.5833333333333334
2020-21,WAS,-1.8333333333333333,0.4722222222222222,116.63888888888889,0.5277777777777778,0.4166666666666667
2021-22,ATL,1.5609756097560976,0.524390243902439,113.9390243902439,0.6585365853658537,0.3902439024390244
2021-22,BKN,0.7804878048780488,0.5365853658536586,112.90243902439025,0.4878048780487805,0.5853658536585366
2021-22,BOS,7.280487804878049,0.6219512195121951,111.7560975609756,0.6829268292682927,0.5609756097560976
2021-22,CHA,0.43902439024390244,0.524390243902439,115.32926829268293,0.5365853658536586,0.5121951219512195
2021-22,CHI,-0.3902439024390244,0.5609756097560976,111.60975609756098,0.6585365853658537,0.4634146341463415
2021-22,CLE,2.1219512195121952,0.5365853658536586,107.79268292682927,0.6097560975609756,0.4634146341463415
2021-22,DAL,3.3048780487804876,0.6341463414634146,108.02439024390245,0.7073170731707317,0.5609756097560976
2021-22,DEN,2.3048780487804876,0.5853658536585366,112.71951219512195,0.5609756097560976,0.6097560975609756
2021-22,DET,-7.719512195121951,0.2804878048780488,104.82926829268293,0.3170731707317073,0.24390243902439024
2021-22,GSW,5.536585365853658,0.6463414634146342,111.0,0.7560975609756098,0.5365853658536586
2021-22,HOU,-8.475609756097562,0.24390243902439024,109.71951219512195,0.2682926829268293,0.21951219512195122
2021-22,IND,-3.475609756097561,0.3048780487804878,111.46341463414635,0.3902439024390244,0.21951219512195122
2021-22,LAC,0.024390243902439025,0.5121951219512195,108.41463414634147,0.6097560975609756,0.4146341463414634
2021-22,LAL,-3.048780487804878,0.4024390243902439,112.09756097560975,0.5121951219512195,0.2926829268292683
2021-22,MEM,5.682926829268292,0.6829268292682927,115.60975609756098,0.7317073170731707,0.6341463414634146
2021-22,MIA,4.451219512195122,0.6463414634146342,110.02439024390245,0.7073170731707317,0.5853658536585366
2021-22,MIL,3.3536585365853657,0.6219512195121951,115.48780487804878,0.6585365853658537,0.5853658536585366
2021-22,MIN,2.6341463414634148,0.5609756097560976,115.9390243902439,0.6341463414634146,0.4878048780487805
2021-22,NOP,-0.9878048780487805,0.43902439024390244,109.29268292682927,0.4634146341463415,0.4146341463414634
2021-22,NYK,-0.12195121951219512,0.45121951219512196,106.47560975609755,0.4146341463414634,0.4878048780487805
2021-22,OKC,-8.097560975609756,0.2926829268292683,103.73170731707317,0.2926829268292683,0.2926829268292683
2021-22,ORL,-8.0,0.2682926829268293,104.23170731707317,0.2926829268292683,0.24390243902439024
2021-22,PHI,2.6097560975609757,0.6219512195121951,109.9390243902439,0.5853658536585366,0.6585365853658537
2021-22,PHX,7.5,0.7804878048780488,114.82926829268293,0.7804878048780488,0.7804878048780488
2021-22,POR,-8.878048780487806,0.32926829268292684,106.23170731707317,0.4146341463414634,0.24390243902439024
2021-22,SAC,-5.463414634146342,0.36585365853658536,110.3048780487805,0.3902439024390244,0.34146341463414637
2021-22,SAS,0.12195121951219512,0.4146341463414634,113.15853658536585,0.3902439024390244,0.43902439024390244
2021-22,TOR,2.292682926829268,0.5853658536585366,109.39024390243902,0.5853658536585366,0.5853658536585366
2021-22,UTA,6.036585365853658,0.5975609756097561,113.60975609756098,0.7073170731707317,0.4878048780487805
2021-22,WAS,-3.3780487804878048,0.4268292682926829,108.6219512195122,0.5121951219512195,0.34146341463414637
2022-23,ATL,0.2926829268292683,0.5,118.42682926829268,0.5853658536585366,0.4146341463414634
2022-23,BKN,0.8536585365853658,0.5487804878048781,113.35365853658537,0.5609756097560976,0.5365853658536586
2022-23,BOS,6.524390243902439,0.6951219512195121,117.9390243902439,0.7804878048780488,0.6097560975609756
2022-23,CHA,-6.2439024390243905,0.32926829268292684,110.95121951219512,0.3170731707317073,0.34146341463414637
2022-23,CHI,1.2926829268292683,0.4878048780487805,113.1219512195122,0.5365853658536586,0.43902439024390244
2022-23,CLE,5.378048780487805,0.6219512195121951,112.2560975609756,0.7560975609756098,0.4878048780487805
2022-23,DAL,0.07317073170731707,0.4634146341463415,114.21951219512195,0.5609756097560976,0.36585365853658536
2022-23,DEN,3.3292682926829267,0.6463414634146342,115.79268292682927,0.8292682926829268,0.4634146341463415
2022-23,DET,-8.21951219512195,0.2073170731707317,110.3048780487805,0.21951219512195122,0.1951219512195122
2022-23,GSW,1.8048780487804879,0.5365853658536586,118.9390243902439,0.8048780487804879,0.2682926829268293
2022-23,HOU,-7.853658536585366,0.2682926829268293,110.7439024390244,0.34146341463414637,0.1951219512195122
2022-23,IND,-3.182926829268293,0.4268292682926829,116.28048780487805,0.4878048780487805,0.36585365853658536
2022-23,LAC,0.5,0.5365853658536586,113.58536585365853,0.5609756097560976,0.5121951219512195
2022-23,LAL,0.573170731707317,0.524390243902439,117.17073170731707,0.5609756097560976,0.4878048780487805
2022-23,MEM,3.9390243902439024,0.6219512195121951,116.91463414634147,0.8536585365853658,0.3902439024390244
2022-23,MIA,-0.3170731707317073,0.5365853658536586,109.47560975609755,0.6585365853658537,0.4146341463414634
2022-23,MIL,3.6341463414634148,0.7073170731707317,116.9390243902439,0.7804878048780488,0.6341463414634146
2022-23,MIN,-0.036585365853658534,0.5121951219512195,115.78048780487805,0.5365853658536586,0.4878048780487805
2022-23,NOP,1.8902439024390243,0.5121951219512195,114.36585365853658,0.6585365853658537,0.36585365853658536
2022-23,NYK,2.926829268292683,0.573170731707317,116.02439024390245,0.5609756097560976,0.5853658536585366
2022-23,OKC,1.0853658536585367,0.4878048780487805,117.47560975609755,0.5853658536585366,0.3902439024390244
2022-23,ORL,-2.5609756097560976,0.4146341463414634,111.41463414634147,0.4878048780487805,0.34146341463414637
2022-23,PHI,4.317073170731708,0.6585365853658537,115.21951219512195,0.7073170731707317,0.6097560975609756
2022-23,PHX,2.073170731707317,0.5487804878048781,113.64634146341463,0.6829268292682927,0.4146341463414634
2022-23,POR,-4.012195121951219,0.4024390243902439,113.40243902439025,0.4146341463414634,0.3902439024390244
2022-23,SAC,2.6463414634146343,0.5853658536585366,120.70731707317073,0.5609756097560976,0.6097560975609756
2022-23,SAS,-10.036585365853659,0.2682926829268293,113.03658536585365,0.34146341463414637,0.1951219512195122
2022-23,TOR,1.475609756097561,0.5,112.85365853658537,0.6585365853658537,0.34146341463414637
2022-23,UTA,-0.9390243902439024,0.45121951219512196,117.07317073170732,0.5609756097560976,0.34146341463414637
2022-23,WAS,-1.2073170731707317,0.4268292682926829,113.15853658536585,0.4634146341463415,0.3902439024390244
2023-24,ATL,-2.182926829268293,0.43902439024390244,118.32926829268293,0.5121951219512195,0.36585365853658536
2023-24,BKN,-2.8902439024390243,0.3902439024390244,110.36585365853658,0.4878048780487805,0.2926829268292683
2023-24,BOS,11.341463414634147,0.7804878048780488,120.57317073170732,0.9024390243902439,0.6585365853658537
2023-24,CHA,-10.24390243902439,0.25609756097560976,106.58536585365853,0.2682926829268293,0.24390243902439024
2023-24,CHI,-1.4390243902439024,0.47560975609756095,112.26829268292683,0.4878048780487805,0.4634146341463415
2023-24,CLE,2.4146341463414633,0.5853658536585366,112.63414634146342,0.6341463414634146,0.5365853658536586
2023-24,DAL,2.207317073170732,0.6097560975609756,117.85365853658537,0.6097560975609756,0.6097560975609756
2023-24,DEN,5.2560975609756095,0.6951219512195121,114.85365853658537,0.8048780487804879,0.5853658536585366
2023-24,DET,-9.109756097560975,0.17073170731707318,109.8780487804878,0.175,0.16666666666666666
2023-24,GSW,2.6097560975609757,0.5609756097560976,117.76829268292683,0.5121951219512195,0.6097560975609756
2023-24,HOU,1.1219512195121952,0.5,114.32926829268293,0.6585365853658537,0.34146341463414637
2023-24,IND,3.048780487804878,0.573170731707317,123.29268292682927,0.6341463414634146,0.5121951219512195
2023-24,LAC,3.2804878048780486,0.6219512195121951,115.6219512195122,0.6097560975609756,0.6341463414634146
2023-24,LAL,0.5975609756097561,0.573170731707317,118.03658536585365,0.6666666666666666,0.475
2023-24,MEM,-7.0,0.32926829268292684,105.8170731707317,0.21951219512195122,0.43902439024390244
2023-24,MIA,1.7560975609756098,0.5609756097560976,110.14634146341463,0.5365853658536586,0.5853658536585366
2023-24,MIL,2.6219512195121952,0.5975609756097561,118.97560975609755,0.7380952380952381,0.45
2023-24,MIN,6.451219512195122,0.6829268292682927,112.97560975609755,0.7317073170731707,0.6341463414634146
2023-24,NOP,4.414634146341464,0.5975609756097561,115.07317073170732,0.525,0.6666666666666666
2023-24,NYK,4.585365853658536,0.6097560975609756,112.79268292682927,0.6585365853658537,0.5609756097560976
2023-24,OKC,7.414634146341464,0.6951219512195121,120.08536585365853,0.8048780487804879,0.5853658536585366
2023-24,ORL,2.024390243902439,0.573170731707317,110.46341463414635,0.7073170731707317,0.43902439024390244
2023-24,PHI,3.048780487804878,0.573170731707317,114.59756097560975,0.6097560975609756,0.5365853658536586
2023-24,PHX,3.0609756097560976,0.5975609756097561,116.2439024390244,0.6097560975609756,0.5853658536585366
2023-24,POR,-9.024390243902438,0.25609756097560976,106.36585365853658,0.2682926829268293,0.24390243902439024
2023-24,SAC,1.7439024390243902,0.5609756097560976,116.5609756097561,0.5853658536585366,0.5365853658536586
2023-24,SAS,-6.487804878048781,0.2682926829268293,112.09756097560975,0.2926829268292683,0.24390243902439024
2023-24,TOR,-6.439024390243903,0.3048780487804878,112.35365853658537,0.34146341463414637,0.2682926829268293
2023-24,UTA,-4.890243902439025,0.3780487804878049,115.65853658536585,0.5121951219512195,0.24390243902439024
2023-24,WAS,-9.292682926829269,0.18292682926829268,113.7439024390244,0.17073170731707318,0.1951219512195122
